Zip,Neighborhood
02121,Dorchester
02118,Boston
02130,Jamaica Plain
02126,Mattapan
02119,Roxbury
02122,Dorchester
02124,Dorchester Center
02127,Boston
02131,Roslindale
02125,Dorchester Center
02135,Brighton
02116,Boston
02134,Allston
02120,Roxbury Crossing
02109,Boston
02136,Hyde Park
02150,Chelsea
02115,Boston
02132,West Roxbury
02111,Boston
02129,Charlestown
02110,Boston
02199,Boston
02215,Boston
02114,Boston
02108,Boston
02210,Boston
02128,Boston
02117,Boston
02113,Boston
02186,Milton
02445,Brookline
02026,Dedham
02152,Winthrop
02141,Cambridge
02171,Quincy
02151,Revere
02205,Boston
02446,Brookline
02145,Somerville
